id,first_name,last_name,username,password
1,Charmian,Bodker,cbodker0,CKcZ8q4
2,Virgilio,Purchon,vpurchon1,NXW330
3,Olvan,Howsego,ohowsego2,2smSRMfw
4,Gusti,D'Adda,gdadda3,FRxqhsZ
5,Arte,Ashburner,aashburner4,gXQsec
6,Elianora,Capstick,ecapstick5,BohtVTg2Xl
7,Graeme,Gounot,ggounot6,sCzKe0GGH
8,Deane,Christer,dchrister7,uPTQYY
9,Jan,Suermeier,jsuermeier8,oZTquVVj
10,Basilio,Mowles,bmowles9,muWPrQn
11,Jackqueline,Hedge,jhedgea,okbgCihb
12,Codie,Guidera,cguiderab,ds4S5OkZIGq
13,Nessie,MacMakin,nmacmakinc,HDZ1xT
14,Berke,Pahl,bpahld,kigsiOrD
15,Killie,Beneyto,kbeneytoe,3QE6Utmk
16,Bartholemy,Dibben,bdibbenf,7JRRrnJI0Ut
17,Wayne,Kinch,wkinchg,lw292Z7z
18,Fredi,Canby,fcanbyh,yAQ3Eg
19,Frederik,Softley,fsoftleyi,F1w092
20,Saunders,Westgate,swestgatej,ZMBtZuWp
21,Aldous,Staterfield,astaterfieldk,kNUs5n8BFU
22,Nickolas,Burgoyne,nburgoynel,xUgZFdT39
23,Bartolomeo,Wormald,bwormaldm,oefTTJ
24,Jeremy,Melby,jmelbyn,FEnNoFKdFov
25,York,Storr,ystorro,Gak4Hf3Q2p
26,Jacintha,Hayland,jhaylandp,AHzEGiJuwD
27,Staci,Gaukroger,sgaukrogerq,m91J9vNFAERR
28,Kenyon,Muckleston,kmucklestonr,vgaarE
29,Lorenzo,Dalliston,ldallistons,V7WHOMN7
30,Aldo,Kidgell,akidgellt,zqsqCMfa9VfR
31,Mona,Jarmyn,mjarmynu,ufpwKs
32,Weber,Wilhelmy,wwilhelmyv,wu2bfU
33,Cicely,Braben,cbrabenw,BLYoMxmlu
34,Guthry,Gillbe,ggillbex,99Fhh5Q8XXw
35,Cristal,Stanesby,cstanesbyy,trKeqO1
36,Chicky,Cheyenne,ccheyennez,lHxZU1cq2
37,Maressa,Gregan,mgregan10,g58n6KrJ0
38,Erhart,Whiteford,ewhiteford11,w8xL0M
39,Brent,Wooler,bwooler12,hzR8AhQG
40,Stevena,Dobell,sdobell13,uXtyBXY6
41,Olly,Backs,obacks14,0fEvF45
42,Koral,Duddridge,kduddridge15,kpC0WRcVmH6
43,Katheryn,Soaper,ksoaper16,wrfS2lf
44,Bette,Lakenton,blakenton17,9NmMVa5RU
45,Maryjo,Prangnell,mprangnell18,b87oDwLYNKd
46,Charley,Owbrick,cowbrick19,tpV45Uz3
47,Papageno,Allport,pallport1a,xNph5JlGisq
48,Keary,Gahagan,kgahagan1b,IdVgh04ElM
49,Devlen,Radbone,dradbone1c,52tK6cSY6
50,Theda,Cumbridge,tcumbridge1d,REUckBYQjHA9
51,Ario,Sterricker,asterricker1e,bXNsKEyq
52,Wileen,Gethings,wgethings1f,sDVIqbt9aZD
53,Josy,Bugdell,jbugdell1g,TnFGj87
54,Violante,Mapledoram,vmapledoram1h,bqnCtVuL
55,Lauritz,Burner,lburner1i,20tXk7j3A7j
56,Ettie,Chaise,echaise1j,lLYoJPnK
57,Gratiana,Cardon,gcardon1k,IQsxUSfBfC
58,Faith,Keppel,fkeppel1l,c5i8ZBB8
59,Niles,Regenhardt,nregenhardt1m,05yTHy3
60,Damian,Hick,dhick1n,YZSsDR
61,Caryl,Ailsbury,cailsbury1o,o9YH93
62,Enrique,McBay,emcbay1p,ZwC9ciHByhL
63,Rori,Purviss,rpurviss1q,PcWDAuI63mRu
64,Chas,Lansly,clansly1r,ErIZyUnVQ
65,Tristan,Hyndson,thyndson1s,MDyPdrRJ
66,Atlanta,Risebrow,arisebrow1t,5TQ4x0VJ0Z6
67,Bridget,Taunton,btaunton1u,yudD6qmd5I
68,Beverlie,Colqueran,bcolqueran1v,cIntNWDVZ6
69,Cathryn,Kalkofen,ckalkofen1w,79kt7e
70,Rudy,Hotchkin,rhotchkin1x,VmEbnsh
71,Guenevere,Hein,ghein1y,mezPFDw
72,Gene,Kellett,gkellett1z,AVwlnLY9
73,Darnall,Attewill,dattewill20,K5GwYCfJ
74,Dulcia,Wakeham,dwakeham21,TFCQWuBak
75,Lu,Kalinsky,lkalinsky22,ZJ3HQvWT6
76,Christin,Mattack,cmattack23,rW8V9kBg
77,Tammy,Lissaman,tlissaman24,68fdYhPAnim
78,Cristie,Pennini,cpennini25,LsLcZswoAeFt
79,Doria,Walak,dwalak26,OqRO9PPcK
80,Bear,Glusby,bglusby27,o07QASn7Hp
81,Cherise,Binfield,cbinfield28,0zBHhtu
82,Philippe,Castelot,pcastelot29,fGN0ehFd
83,Annnora,Wrout,awrout2a,hd3Ci1gQ6
84,Davis,Darree,ddarree2b,xhvNkN04czd
85,Israel,Swadden,iswadden2c,inVPH1
86,Alisa,Eveleigh,aeveleigh2d,qZ66qIID
87,Lauren,Balkwill,lbalkwill2e,5DhjI4t
88,Pincus,Vedenichev,pvedenichev2f,DvrxG5EwR98
89,Liv,Vasilyevski,lvasilyevski2g,VQDlx0kOSk88
90,Vanessa,Zumbusch,vzumbusch2h,4Gc478prN3ww
91,Pammy,Aartsen,paartsen2i,QC83D85UxX
92,Lynett,Frankton,lfrankton2j,ZjVVZ9
93,Fernande,Igo,figo2k,eCZcM6dUvM1
94,Heda,Trebilcock,htrebilcock2l,xNxCPwcKmqyu
95,Leena,Toler,ltoler2m,veAgFGb6JA0v
96,Felix,Blunsden,fblunsden2n,dqToz53
97,Brooks,Grumble,bgrumble2o,O92LvF3CB
98,Kaitlin,McDiarmid,kmcdiarmid2p,F1Sgt25er
99,Renie,Kender,rkender2q,og8iIVK
100,Greg,Semour,gsemour2r,iw47meNIB
101,Parrnell,Fratczak,pfratczak2s,xtvTlr7QA
102,Aliza,Baldassi,abaldassi2t,vLlqhQbM
103,Penni,Louth,plouth2u,obP8SdIGdtt8
104,Pattin,Brick,pbrick2v,uIHchKiDBCi
105,Orv,Porter,oporter2w,Yqk94uz
106,Mahmud,Beric,mberic2x,BtPozY
107,Eliot,Crookshank,ecrookshank2y,GzwwwSApYzQ
108,Kalina,von Nassau,kvonnassau2z,VOalwsVmAfku
109,Asia,Velti,avelti30,GOJ8yUVf
110,Adah,Rackham,arackham31,HNJW2sIt7MuV
111,Kittie,Fewings,kfewings32,Cmq68omx
112,Judie,Chaunce,jchaunce33,Xp6Hzr6X
113,Sidnee,Fehely,sfehely34,zEjiwzHkAME
114,Addison,Catterall,acatterall35,UcpqWvQ6lLvQ
115,Adi,Pina,apina36,VA9D2VQBuGJ3
116,Hannie,Stimson,hstimson37,62TrgDo
117,Devonna,Adne,dadne38,fDs1BvwyMYks
118,Tamera,Gaddas,tgaddas39,95VoHe9LzwaV
119,Bryant,Philp,bphilp3a,EGzA189oQ3W
120,Jennette,Donwell,jdonwell3b,07mbe8IYm
121,Darryl,Kennelly,dkennelly3c,iWazFJ0flLMZ
122,Rockie,Marklew,rmarklew3d,KO1TjhPiX
123,Linell,Pepye,lpepye3e,uqyADw
124,Lisette,Masedon,lmasedon3f,q75itdQPLymk
125,Gino,Stump,gstump3g,4AwilPSzH
126,Ysabel,Franceschielli,yfranceschielli3h,0WAoOBC7Yd
127,Barris,Cavee,bcavee3i,xyMeJ6J0QD0
128,Celestyna,Cortez,ccortez3j,kvkO3iKS4
129,Myrwyn,Sharphurst,msharphurst3k,N5MQ4Lv0W
130,Minor,Cayford,mcayford3l,xEh3SRV7
131,Blancha,Screaton,bscreaton3m,OPKftQO
132,Jordana,Yve,jyve3n,fFYl2lyuo
133,Wildon,Rodder,wrodder3o,JAV7Wn0Hj
134,Tremaine,Clutheram,tclutheram3p,hCacUAatPkhU
135,Ailsun,Cosens,acosens3q,pUFh8H
136,Ladonna,Pocklington,lpocklington3r,kMY921ce8jfB
137,Nevsa,Inderwick,ninderwick3s,XqaAgdOS
138,Hugibert,Issard,hissard3t,01x8Cp
139,Heida,Mansbridge,hmansbridge3u,JNPCQnL
140,Garry,Merwede,gmerwede3v,53qBb7w
141,Hedi,Tongue,htongue3w,shYAfP
142,Taber,Ennor,tennor3x,yOz8hSwFEbs
143,Bird,Worsell,bworsell3y,EmjuSM
144,Pete,Dickman,pdickman3z,9EHhVtpnmAhf
145,Guthrie,Sans,gsans40,kAKdEG
146,Johny,Brightman,jbrightman41,bRb2WnDyeyPf
147,Annora,Genicke,agenicke42,2kwLfi1r
148,Alene,Hayne,ahayne43,iTQSN94B
149,Adria,Fifield,afifield44,RRpnpZGASt9q
150,Tabbie,Alphonso,talphonso45,AcrTHY6
151,Tonia,Busk,tbusk46,mTnVSPkxK
152,Kinsley,Garroch,kgarroch47,daA6pxC0POSK
153,Belia,Daddow,bdaddow48,C7dxCRFlfO
154,Teddi,Meddick,tmeddick49,qFlezWYZ
155,Sherilyn,Lovewell,slovewell4a,TeHADp
156,Lesli,Douch,ldouch4b,gAX5Al
157,Justis,Bolesworth,jbolesworth4c,qYzuNLr
158,Fremont,Egdal,fegdal4d,ee5p6q0vVg
159,Gladi,Houston,ghouston4e,OcCjvZcGWt8
160,Janith,Keith,jkeith4f,llLY5V47zp
161,Terrence,Sexstone,tsexstone4g,gzrqlHG
162,Corbett,Strongitharm,cstrongitharm4h,db74OB
163,Laverne,Gourlie,lgourlie4i,EeEQslF
164,Marshall,Lakenden,mlakenden4j,X3OWaWQm8Dju
165,Jemima,Oppy,joppy4k,uKkUUSYwoFD5
166,Alverta,Jerger,ajerger4l,yguFREhq
167,Felicia,Pitkin,fpitkin4m,dwrcTSm94
168,Trstram,Reeveley,treeveley4n,Mof89Riu7
169,Beau,Golledge,bgolledge4o,WQbkKUU8tw
170,Leona,Chason,lchason4p,mL1AEyG
171,Jess,Di Boldi,jdiboldi4q,ftVOPC
172,Crystie,Beagley,cbeagley4r,eZmYNkS
173,Avictor,Clohessy,aclohessy4s,SrwkIGv
174,Reeba,Tilne,rtilne4t,HGJvIX3U
175,Konstantine,Kinrade,kkinrade4u,bAEKS5
176,Sterne,Behagg,sbehagg4v,AVXiotTWeNx
177,Emelyne,Gatus,egatus4w,eAKGZwI
178,Angeline,Arendt,aarendt4x,QSNttrOM
179,Desmund,Barthelmes,dbarthelmes4y,cmz9pLs1
180,Brewster,Mantle,bmantle4z,KDYCxmu3FfX
181,Claretta,Blasi,cblasi50,jmbuK2M0
182,Garner,Ablitt,gablitt51,LX9pBqILq7
183,Orbadiah,Topp,otopp52,xejGheCU
184,Briney,Grogono,bgrogono53,ekSmBB4eZaK
185,Deidre,Kearford,dkearford54,oLdlTLv
186,Franny,Stivens,fstivens55,gY7zU6FO
187,Jacquenette,Rosgen,jrosgen56,0U3ynsq
188,Rand,Wilkerson,rwilkerson57,Ws7HY52
189,Dee dee,Philler,dphiller58,T2uWkIu38
190,Marillin,Bampfield,mbampfield59,Szg7tbMVxZFB
191,Leighton,Jolly,ljolly5a,G2QociAQjLv
192,Cecelia,Burk,cburk5b,oXlNwbc
193,Craggie,Talloe,ctalloe5c,FMgMVfBNDto6
194,Farly,Dornan,fdornan5d,AuOsubPh8zC
195,Vivien,De Lorenzo,vdelorenzo5e,AeondgvByH
196,Ertha,Lawrie,elawrie5f,onPKaZ
197,Daniella,Bescoby,dbescoby5g,B2L9PBFOsL0
198,Kassia,Cruess,kcruess5h,qNLbBFut
199,Klement,Finlayson,kfinlayson5i,DVol2yYd
200,Tiffany,Knotte,tknotte5j,Ek23dY2RNXL
201,Weber,Abilowitz,wabilowitz5k,hMb9CUEK
202,Darline,Greatrex,dgreatrex5l,rMtoRs4cwyKi
203,Julie,Prall,jprall5m,RLvveloO
204,Tatiania,Yakobowitch,tyakobowitch5n,m54ptFpiUHl
205,Jack,McInility,jmcinility5o,kvCB3q6g
206,Yolande,Klimentov,yklimentov5p,nJQpi3
207,Bonnee,Keddle,bkeddle5q,VToiBcSpx
208,Timothea,Riteley,triteley5r,XTbWYiwppp
209,Charlie,Bloys,cbloys5s,OoRg9rIjnH9e
210,Jed,Dain,jdain5t,sW38QeRsAIX
211,Aron,Joicey,ajoicey5u,YRWP3Hlvm7pF
212,Aridatha,Casford,acasford5v,LOBvgd4VP6g
213,Nikki,Filinkov,nfilinkov5w,Bu5Awte
214,Rafaellle,Hadfield,rhadfield5x,HucdRLEM0
215,Adrienne,Penn,apenn5y,ytzJQ9N
216,Kala,Persehouse,kpersehouse5z,sXGg5L8bBEH3
217,Joell,Nassi,jnassi60,5I3o4EuT
218,Ava,Kiln,akiln61,mw88PnD
219,Leonard,Parkyn,lparkyn62,pp608KtwZACr
220,Mommy,Edowes,medowes63,CP0QpZMt
221,Vinnie,Sugden,vsugden64,tp4G4yqg
222,Meaghan,Ducket,mducket65,cDrndxd
223,Donaugh,Remnant,dremnant66,DmNOpRL
224,Phil,Binnion,pbinnion67,VvfdCYC5
225,Bee,Clitheroe,bclitheroe68,3s0Lb70SLP9
226,Wernher,Dobson,wdobson69,5vG6A8RWJ
227,Netti,Fletham,nfletham6a,nNMWvAi4OE
228,Kamilah,Ashton,kashton6b,2eV27xM
229,Kareem,Ritchley,kritchley6c,PXhGDt7HPDJV
230,Annelise,Marciek,amarciek6d,OzSSWb7qx8M
231,Standford,Gainor,sgainor6e,vMD1xa
232,Hurlee,Pietrowski,hpietrowski6f,ZIUkvFyz
233,Killy,Tomaino,ktomaino6g,icPbKPF
234,Sasha,Hritzko,shritzko6h,v0tcZ7PKa
235,Mack,Booty,mbooty6i,zl5YFA8d
236,Zollie,Abbison,zabbison6j,1pUwV0jG3g
237,Caprice,Huddart,chuddart6k,ptUctei
238,Rosabel,Ragless,rragless6l,fHL7CArCew
239,Skylar,Cicculini,scicculini6m,66rs6I
240,Cornell,Bierman,cbierman6n,gYaNrNZ
241,Eddie,Sherbrook,esherbrook6o,zzbtUp7m0SB
242,Ceil,Turtle,cturtle6p,ahf29uC8F
243,Gillan,Foster-Smith,gfostersmith6q,1vlttE9VgmD
244,Marena,Pelos,mpelos6r,mf8tEe
245,Hadley,Bitcheno,hbitcheno6s,9bYc0D
246,Rurik,Groucutt,rgroucutt6t,bbCrpk
247,Kirstyn,Airdrie,kairdrie6u,Ewnnt3nYUgM6
248,Veda,Ailward,vailward6v,kx6HaTThSv
249,Stevie,Shyre,sshyre6w,OorlhFj
250,Alfi,Bartunek,abartunek6x,JnIsQjpgl
251,Gerianna,Gullan,ggullan6y,uTqHGu9
252,Arlan,Bowmer,abowmer6z,byK0DqYSo6a
253,Franciskus,Hallatt,fhallatt70,iKtD9ey
254,Francois,Sabie,fsabie71,DTm4RmFp
255,Misti,Rimer,mrimer72,knHiVLWhMu4n
256,Claudina,Stormonth,cstormonth73,ovuZl6g7W9
257,Lucilia,Shipton,lshipton74,uBPSZxBj
258,Elwira,Cantwell,ecantwell75,DfGnX7X
259,Mala,Alty,malty76,Dv8vWOpZvA1
260,Maurise,Campsall,mcampsall77,wpWo7Lguk
261,Katleen,Lamping,klamping78,SsVy8Aa5PgAZ
262,Guillemette,Keast,gkeast79,yCRrAne
263,Harrietta,Hanton,hhanton7a,SCVcf9Wf0
264,Spence,Blumson,sblumson7b,IfgSSw
265,Tatiania,Elby,telby7c,OnD1IHDe8W
266,Haily,Bamforth,hbamforth7d,SrShXj1FI
267,Jameson,Kelby,jkelby7e,2gFs2n
268,Pen,Willder,pwillder7f,7wRJWX
269,Hendrick,Ryles,hryles7g,WmuVRGQ8r3P4
270,Dana,Aucott,daucott7h,DKjfC8TFZWMy
271,Adina,Binton,abinton7i,JspM29L
272,Jaquith,Aikett,jaikett7j,uoYL7pPb2
273,Barby,Kensington,bkensington7k,I0E7un70n
274,Briano,Cready,bcready7l,uwR4Ck
275,Randene,Selwin,rselwin7m,JBZTchG1
276,Joy,Bradnum,jbradnum7n,0V6TBGXw
277,Barbie,Corby,bcorby7o,zHmXwu
278,Davidson,Ondrak,dondrak7p,TXdGtx
279,Carce,Lafford,clafford7q,pzXGViwHH
280,Idette,Losselyong,ilosselyong7r,RhVpzI
281,Odie,Marsters,omarsters7s,1Zo0Ns
282,Neel,Fever,nfever7t,ZC7BhHgO1V6
283,Priscella,Francioli,pfrancioli7u,XsiINeTbbEZ
284,Piotr,Townshend,ptownshend7v,9U0ecD7G
285,Jerrilee,McGirr,jmcgirr7w,j2rMFd7Vav
286,Emery,Thumim,ethumim7x,5SugJIY
287,Shurwood,Wyllcocks,swyllcocks7y,eFMQerEwxaKt
288,Lane,Brownbridge,lbrownbridge7z,tTtamTp
289,Marcellina,Kinnaird,mkinnaird80,irTiIbIh3
290,Isak,Hourican,ihourican81,tcZ8SioQVDdp
291,Kathrine,Straughan,kstraughan82,tnup52
292,Vinnie,Stripp,vstripp83,axh9rvCQJ
293,Constantine,Cowdray,ccowdray84,s5u5NWQdKqtK
294,Bond,Hambatch,bhambatch85,890WeD
295,Elset,Wheatman,ewheatman86,hsxXLDrSO
296,Iris,Lowten,ilowten87,vtB9KKFBHzH
297,Biddy,Vasyukhnov,bvasyukhnov88,tZpoRMcl
298,Inga,Mendonca,imendonca89,l5TlD0An8
299,Lenore,Leathart,lleathart8a,IgJrKTpF
300,Deanne,Ruzicka,druzicka8b,jWddD0sti
301,Cinderella,Breslane,cbreslane8c,uFJ3FH3p
302,Frederique,Dukesbury,fdukesbury8d,VKOueOdo9K
303,De,Pinfold,dpinfold8e,aCyaXxkpGUk
304,Cami,Dies,cdies8f,qOcB8fFN
305,Boonie,Yoakley,byoakley8g,mFGKwB
306,Cherrita,Deex,cdeex8h,9MJz7YoY93I
307,Odella,Barends,obarends8i,mGe8Zhqtr909
308,Elyse,Frankom,efrankom8j,s1kC4Lxc
309,Poppy,Sowood,psowood8k,gEYo3f6fYSBL
310,Abby,Mushet,amushet8l,wBYwJ8I
311,Nevin,Mahmood,nmahmood8m,vtLcUVwunt
312,Zacharias,Edeson,zedeson8n,9j2Yg7FR
313,Abbot,Itzig,aitzig8o,WESdOLwcd
314,Brand,Avarne,bavarne8p,v1hoj3krI
315,Bobbee,Cultcheth,bcultcheth8q,PvfoEzqT
316,Erhart,Eagland,eeagland8r,RPcsix9Pu6
317,Doralynne,Mardlin,dmardlin8s,XUMiuraG
318,Hamil,Faustian,hfaustian8t,wVgmSMldB4Q4
319,Dreddy,Christaeas,dchristaeas8u,5yygduL0y
320,Demetrius,Shortall,dshortall8v,gbXlCt2jScD
321,Dru,MacArdle,dmacardle8w,luVsIZeRI
322,Zola,Ainsby,zainsby8x,clasVRNVdz
323,Jarid,Ternault,jternault8y,4nCafhv
324,Dina,Britto,dbritto8z,PmL9cL7
325,Blanche,Maddick,bmaddick90,RlYvHbOq
326,Son,Cosser,scosser91,i2nxMhPSmkH
327,Luciano,Rosie,lrosie92,VWKxyBSiqo
328,Wilbur,Hercules,whercules93,LILTeuS7Weu
329,Darrelle,Brokenshaw,dbrokenshaw94,ysy0Fd
330,Hyacinth,Sainteau,hsainteau95,BPbPSOkus3
331,Mar,Elmar,melmar96,NFE7OkiD4hUa
332,Dall,Durman,ddurman97,oEOOYM
333,Alano,Zanassi,azanassi98,M3s3ZFtv1oq3
334,Arley,Dilkes,adilkes99,l7RCAgkE
335,Stesha,Rumke,srumke9a,pX9CUoCZHD
336,Alexio,Grinley,agrinley9b,PLLIHW5GA
337,Willetta,Orsman,worsman9c,drtjU52ID
338,Nissy,Cubbinelli,ncubbinelli9d,SAjB1x1PF
339,Anna,Slimings,aslimings9e,KwU43X6sAziv
340,Shea,Gatteridge,sgatteridge9f,lYBwYR
341,Tersina,Yakobowitch,tyakobowitch9g,M3E5xcUX6N2U
342,Charisse,Ziemsen,cziemsen9h,boJpcYNdn
343,Florella,Fraczak,ffraczak9i,R7rT79
344,Katharina,Parlet,kparlet9j,2j0crR
345,Carmel,Surman,csurman9k,BhwaKWazd
346,Trace,Tansey,ttansey9l,uKzzaX0kd5z
347,Ingamar,Shall,ishall9m,4xDJRt
348,Lloyd,Loveless,lloveless9n,ihgWhHsE
349,Penelope,Hayhoe,phayhoe9o,zIZqPCGS
350,Colman,Carek,ccarek9p,21dEJtijk
351,Hilton,Biscomb,hbiscomb9q,LS1oaUsJ
352,Elvira,Archanbault,earchanbault9r,NnpxWEfkfIm1
353,Joann,Gerram,jgerram9s,U0EnzCvi0
354,Jordanna,Sowten,jsowten9t,fuJxS0bEp4EN
355,Antonio,Godlonton,agodlonton9u,cmgG3UN
356,Alex,Coppo,acoppo9v,ikNiJXIuLqW
357,Lela,Gallihawk,lgallihawk9w,dcsCqqb5
358,Dana,Barrowcliff,dbarrowcliff9x,micdPJS
359,Roanna,Mettricke,rmettricke9y,PABZg1nevei
360,Arleyne,Neissen,aneissen9z,F2u9dOwJtjVC
361,Dan,Boulsher,dboulshera0,VDQXI1KEbdqh
362,Sula,Petriello,spetrielloa1,MzZZPAr
363,Amii,Bourdis,abourdisa2,YCoN1E6CEIUg
364,Niko,Dudderidge,ndudderidgea3,qddvLQ46Y
365,Tadeas,Clemon,tclemona4,8JoQwGvzP
366,Letti,Thatcham,lthatchama5,EHmClwmzNl
367,Dania,Poundsford,dpoundsforda6,3F9bSt
368,Aarika,Budge,abudgea7,okWHw9iSvOe3
369,Charles,Sprasen,csprasena8,PoULOk
370,Wilt,Coaten,wcoatena9,1hc9ltoL
371,Mella,Paine,mpaineaa,Uvg6NP1xx
372,Traci,Klas,tklasab,gmCzWfxBwG
373,Clo,Dumke,cdumkeac,AlXTuG
374,Franklin,Tallyn,ftallynad,KRsIFReB
375,Ricard,Champney,rchampneyae,h89qCnyEp0C
376,Zollie,Upfold,zupfoldaf,e0CNsg
377,Trenna,Vanne,tvanneag,LnG0Fubg
378,Eliza,Jordan,ejordanah,SHi0nkaXw0q
379,Maryjo,Spedding,mspeddingai,fp2dbwanr
380,Lothario,Ceaser,lceaseraj,lSwUok3Gges
381,Angus,Gercke,agerckeak,RT6zPe48y
382,Aurie,Dimblebee,adimblebeeal,odwFdT
383,Web,Depka,wdepkaam,NtClmluBN
384,Egon,Hartrick,ehartrickan,AcvCwaaC
385,Clementia,Tollmache,ctollmacheao,JIPGc9Y
386,Daryl,Giddings,dgiddingsap,lYlWRyS5C7d
387,Grata,Popping,gpoppingaq,pLVVld9WfRCV
388,Rik,Dunhill,rdunhillar,JU74L2qcz
389,Cornelia,Bradneck,cbradneckas,B6bz3085z
390,Gregg,Petcher,gpetcherat,OFbw91LhBZ
391,Tiffi,Murkitt,tmurkittau,Mpx2cbc2M
392,Alyss,Storie,astorieav,MaG9eAV0XwX
393,Josh,Eadmead,jeadmeadaw,jk0KBot56i4
394,Victoria,Lepope,vlepopeax,S2NqtasKZGYE
395,Arnuad,Dows,adowsay,qXnPeO
396,Miof mela,Castella,mcastellaaz,htLFR17t0oO
397,Matti,Ruf,mrufb0,uGk2w2RfIDy
398,Betsey,Beausang,bbeausangb1,DuklNvHl
399,Suzette,Sanz,ssanzb2,HK4Q8DW0Ok
400,Griffy,Caze,gcazeb3,w3nbTV8ek
401,Radcliffe,Pierucci,rpieruccib4,K0xvVd7
402,Hanni,Buzek,hbuzekb5,smRkDXkLFF
403,Brinna,Myhan,bmyhanb6,9jShjjhgy
404,Hadley,Sharp,hsharpb7,JhRufG
405,Melisenda,Mattholie,mmattholieb8,vqEXD6Nc
406,Jimmie,Ladell,jladellb9,4GWmNmY
407,Philly,Orteu,porteuba,1EiLdw8
408,Jeramie,Breydin,jbreydinbb,qr96reg
409,Bartholomew,Caselick,bcaselickbc,LTaF0ApLY
410,Caesar,Rekes,crekesbd,wphoUSPBu4zo
411,Jody,Glyde,jglydebe,IUq3kg
412,Cele,Sawyer,csawyerbf,MzrMbF
413,Domingo,Olivier,dolivierbg,hPw2T2Dvyk
414,Rainer,Fairtlough,rfairtloughbh,EW2w0h
415,Dorothee,Breed,dbreedbi,B7lwrhWgj
416,Clerc,Ashmore,cashmorebj,pYmPRWrbkI2D
417,Cori,Swynfen,cswynfenbk,wsxWLOc1
418,Hayden,Swanson,hswansonbl,yPYrpCV
419,Carmina,Sprulls,csprullsbm,CheyNTf8cB
420,Rubin,Kebbell,rkebbellbn,ITenTEkoJs
421,Graeme,Lowseley,glowseleybo,ZyiT1IbrO0
422,Dalila,Graysmark,dgraysmarkbp,5AjSoTcW6Q
423,Anthiathia,Pyburn,apyburnbq,NezMcX22iWS
424,Goober,Aingell,gaingellbr,RGDnNR3M
425,Joela,Bridgeman,jbridgemanbs,9erKK7
426,Wolfy,Rowbrey,wrowbreybt,G263dMGYqe1
427,Tobiah,Aymeric,taymericbu,IG5mmElkdI
428,Gunner,Ghilardini,gghilardinibv,YxzoU5DHPaJ
429,Zed,Humpage,zhumpagebw,eoiXcO2UM
430,Lois,Kincade,lkincadebx,yGD5Vgz
431,Nicola,Wride,nwrideby,MJrj4H2nxfHC
432,Wallie,O'Shields,woshieldsbz,UsboVUtc
433,Loralie,Carthy,lcarthyc0,CkZOeqCEmRh
434,Tiertza,Swinley,tswinleyc1,0odn02L
435,Bing,Antonich,bantonichc2,5TYYlK
436,Jandy,Bindon,jbindonc3,WFVZLa8tft
437,Cassie,Ellsom,cellsomc4,qbwFCzMxJy
438,Titos,Prendergrass,tprendergrassc5,98tdc9XYwQ
439,Demetre,Lavens,dlavensc6,h65gmJ7hIKmK
440,Allis,Matyushonok,amatyushonokc7,xFdvxef3N
441,Clarence,Giamitti,cgiamittic8,ooNyzhZ
442,Myriam,Gloves,mglovesc9,cP0SBWDV0LEh
443,Matias,Caswall,mcaswallca,M9MMEN2i4dF
444,Mauricio,Satteford,msattefordcb,LbH9RYFN
445,Daryl,Eagland,deaglandcc,3fceRl8G
446,Wernher,Fowley,wfowleycd,y8z0rHUy
447,Byrom,Pickavant,bpickavantce,cBHMbOSy
448,Boonie,Mordue,bmorduecf,V72XmYPgc5n5
449,Sheri,Budnk,sbudnkcg,Thqe7b
450,Miner,Boncore,mboncorech,KwoUwXvveHk
451,Stanislaus,Furnival,sfurnivalci,9KejnlBRzQL
452,Garrik,De Andreis,gdeandreiscj,fwS8PSr
453,Vyky,Sandry,vsandryck,6uXdeCYNEiE
454,Nye,Lille,nlillecl,BLcmuZXq2f
455,Elvis,Heistermann,eheistermanncm,mBOg6Ec
456,Rossy,Dorwood,rdorwoodcn,app1iMsz7Wb3
457,Dylan,Walkling,dwalklingco,cqsKKN4
458,Adolph,Lourenco,alourencocp,HjC7Fem3niQk
459,Bernette,Musson,bmussoncq,nsajERUY
460,Calida,Fingleton,cfingletoncr,ALFYba
461,Norry,Milmo,nmilmocs,9EKBqj31
462,Ase,Ludee,aludeect,RW989k5z3W
463,Jamima,Caldicott,jcaldicottcu,jfev4g952Ec
464,Napoleon,Konneke,nkonnekecv,2nmQ07aV
465,Patricia,Semour,psemourcw,nfj56xq
466,Marysa,Ridges,mridgescx,aZsa7d
467,Winslow,Emery,wemerycy,nxS8Z2xDemVP
468,Pearle,Hayworth,phayworthcz,4OuZUm
469,Ingunna,Casillas,icasillasd0,v0aBQu
470,Putnem,Dundredge,pdundredged1,zjgNhuvk
471,Pearla,Saiens,psaiensd2,3R4PMJ
472,Margarethe,Ostridge,mostridged3,NfvAQeNh4T
473,Desdemona,Perazzo,dperazzod4,iUeS5C3E5o
474,Briggs,Willbraham,bwillbrahamd5,P1V9II2BgNfc
475,Lilla,Hickisson,lhickissond6,tVzAi9HO
476,Legra,Gebb,lgebbd7,M6yWtgJrcj
477,Nick,Rambadt,nrambadtd8,HQVHTUGjpsg
478,Shena,MacGiolla Pheadair,smacgiollapheadaird9,DwiUSB
479,La verne,Bordiss,lbordissda,ZyE22Jb
480,Galina,Pykerman,gpykermandb,xWT9rT6Q
481,Gypsy,Bortolozzi,gbortolozzidc,HGFg5jfA
482,Carolina,Warrick,cwarrickdd,vI8E69GWw
483,Gianina,Burgwin,gburgwinde,vOF6FhQvu5
484,Colver,Haydon,chaydondf,hWOxLmZ
485,Shana,Garvin,sgarvindg,SVoyWd3qdA
486,Romeo,Coraini,rcorainidh,j8Mew8km
487,Sigismond,Beels,sbeelsdi,h3j18256Q
488,Domenic,Mogenot,dmogenotdj,8XSvT5
489,Nissie,Whayman,nwhaymandk,MPh7pnsOry0
490,Fawne,Bevan,fbevandl,Q7bQ67
491,Egbert,Brockie,ebrockiedm,1IOgqDkzlC
492,Granger,Gyngell,ggyngelldn,gh78kPESl
493,Kara-lynn,Anselmi,kanselmido,VUOxG6VRfcG
494,Paul,Wilstead,pwilsteaddp,KF48Sy
495,Eugenius,Sunock,esunockdq,BaUTtqecVnkH
496,Melinda,Briscow,mbriscowdr,HwF9oeLSF
497,Harcourt,Checcucci,hcheccuccids,Il5r2ReC8
498,Gilemette,Myott,gmyottdt,QeqNv6V
499,Iseabal,Haugh,ihaughdu,oZqrlybDl0xX
500,Merrilee,Yorke,myorkedv,OxOOxtH7Z
501,Kelly,Morratt,kmorrattdw,BfxOaNFkkH7t
502,Harri,Slyman,hslymandx,yTdNDIOCwP
503,Kyrstin,Waszkiewicz,kwaszkiewiczdy,8MaMLb6o7V
504,Brannon,de Lloyd,bdelloyddz,S7LlwiEOlV
505,Dicky,Fossitt,dfossitte0,cyu1co
506,Octavius,Prene,oprenee1,ggURRd
507,Marin,Hamp,mhampe2,zN504C
508,Yulma,Trelease,ytreleasee3,2Mfi21cVtGW
509,Aldin,Tirte,atirtee4,49xEU8X4Hs
510,Doralia,Housby,dhousbye5,kVKWemFQcw3
511,Maryrose,Milsted,mmilstede6,7jk7Tk
512,Annadiana,Reeder,areedere7,Ya14guFcbeBq
513,Lidia,Bortolotti,lbortolottie8,PwpJIk
514,Carmelina,Kilbride,ckilbridee9,CvOrRA
515,Farlie,Ginsie,fginsieea,8xkfBU2
516,Jefferson,Darnody,jdarnodyeb,JLq4Fn7tSZ1
517,Hammad,Cowill,hcowillec,gEoni9fyK
518,Neill,Goulding,ngouldinged,emy9V3pW
519,Robers,Hucquart,rhucquartee,sQwpSOt8k6t
520,Stillman,Gilham,sgilhamef,tCniM4
521,Jessica,Fibbit,jfibbiteg,c5ijveG5tbWn
522,Justinn,Waghorn,jwaghorneh,BsDvgB2
523,Courtnay,Walicki,cwalickiei,YqDNvUg6YtC
524,Arden,Dennert,adennertej,LwroywF
525,Lizbeth,Rosingdall,lrosingdallek,BsaU9O
526,Beverly,Gyves,bgyvesel,ml6UozmDr
527,Coreen,Salvin,csalvinem,N6yenQamDsQ7
528,Yulma,Fink,yfinken,C8BHZz8XZf8y
529,Glennie,Mattiello,gmattielloeo,dY5lxiFui
530,Neil,Maryet,nmaryetep,RhhjJ607gGje
531,Venita,Pieche,vpiecheeq,F5vBwG02ts
532,Rhonda,Regnard,rregnarder,K2HPwgPe
533,Bonita,Meekings,bmeekingses,B07fuz1o2d
534,Elli,Scotcher,escotcheret,8WjQgyK
535,Egon,Darbey,edarbeyeu,DFlUWExO
536,Gwenora,Spadotto,gspadottoev,YAGm0PC7nTYF
537,Debee,Jennings,djenningsew,LeQ6ZPWn
538,Constancia,Kloska,ckloskaex,mt4TbUPwk
539,Timothy,Bubear,tbubearey,GyWghb5w6KNa
540,Ransom,Woodworth,rwoodworthez,QR65m1wKbb
541,Hugibert,Brockbank,hbrockbankf0,Spup5K0O
542,Jody,Starling,jstarlingf1,CiAFV5ThV
543,Alberta,Le Breton,alebretonf2,FKdowQfqEK
544,Bord,Upcraft,bupcraftf3,SB3bMZ8fhj
545,Marion,Kaindl,mkaindlf4,FFTNC9me
546,Bill,Wathell,bwathellf5,A5L8wnWziw2I
547,Linn,Scotter,lscotterf6,4ZpxR5Rm
548,Bernita,Timmens,btimmensf7,PAT3i6j
549,Ransell,Doolan,rdoolanf8,lWwI6lFPR94
550,Matilda,Revan,mrevanf9,ntntgy
551,Del,Ginner,dginnerfa,TPjK1l
552,Matthiew,McBlain,mmcblainfb,G5KtM7J
553,Moe,McMullen,mmcmullenfc,rLfoobEr1xv
554,Roarke,Sandison,rsandisonfd,FI3akp78vRn
555,Cynthia,Delagua,cdelaguafe,OatDDgckXRUe
556,Nikola,Iorio,niorioff,q0e29UHM
557,Jarrod,Vaggers,jvaggersfg,ZiWNdmieVE
558,Eula,Prentice,eprenticefh,tWY32k13vc3r
559,Win,Rosenfelt,wrosenfeltfi,lvoUXayd
560,Gleda,Tickle,gticklefj,aEcOUYxfZ
561,Imogene,Goldup,igoldupfk,XvsqXe
562,Vinson,Haestier,vhaestierfl,NYHgoNCC
563,Adrea,Boone,aboonefm,F7QQIqRjUO
564,Sarine,Kinig,skinigfn,Gv8lF4A
565,Inness,Mendenhall,imendenhallfo,MQ3N9l
566,Gustave,Micah,gmicahfp,sXU97P
567,Jaquith,Tackley,jtackleyfq,PXWHN0PMhAiR
568,Xerxes,Spadari,xspadarifr,jtK4RJ1
569,Eleanore,Poltun,epoltunfs,jZxInLHoDh
570,Ivonne,Lockley,ilockleyft,Hysf6sS
571,Eryn,Yakubovics,eyakubovicsfu,qEPr6FdmN
572,Joanne,Stuttman,jstuttmanfv,tYlsJM
573,Diandra,Crosser,dcrosserfw,Z109TSdx
574,Darice,Gleave,dgleavefx,8S5EiEOAnST
575,Guthrey,Cleobury,gcleoburyfy,BHEX12Iq
576,Erl,Hews,ehewsfz,CxY9ht
577,Ardisj,Ferencz,aferenczg0,rU8UL9
578,Giustina,Turk,gturkg1,xEcVr0XtK
579,Raoul,Johl,rjohlg2,N6fy5iG
580,Leeanne,Durston,ldurstong3,AdjttLtzG44d
581,Bastian,Earsman,bearsmang4,nNKEdYaHj6L
582,Allene,MacGuffie,amacguffieg5,rfC7rQ
583,Elicia,Catlow,ecatlowg6,NFVK5pWbE
584,Culley,Mannakee,cmannakeeg7,pFSZEp
585,Peder,Pietruszka,ppietruszkag8,2RBxyoRPXw
586,Buddie,Callway,bcallwayg9,LZHpqtcXq
587,Daryn,Kroll,dkrollga,VVMD4diVyyQ2
588,Aleece,Bladon,abladongb,9OLweDI
589,Juliette,Le Frank,jlefrankgc,QyG95ENgKB
590,Ally,Girardy,agirardygd,gj8XjqFh
591,Lotta,Corter,lcorterge,urgandrjDzZ
592,Edeline,O'Shevlan,eoshevlangf,2P7L6fbErDS
593,Gizela,Denning,gdenninggg,TgZjNSupm
594,Jens,Careless,jcarelessgh,EXErAgMZ
595,Weston,Pauletto,wpaulettogi,ZphzLXythao
596,Steffie,Filippi,sfilippigj,EKv6K0XPJ7
597,Oralle,Byk,obykgk,cbZjIrXmqq
598,Cointon,Gellibrand,cgellibrandgl,Zm3qpBC7r
599,Norah,Cortez,ncortezgm,R8Eqv3XEn
600,Vally,Phillpotts,vphillpottsgn,TwdtqaAJx
601,Stesha,Mence,smencego,WckesGb
602,Noni,Penney,npenneygp,89wyNGy7g3J
603,Dredi,Ventom,dventomgq,DnbYw8jmD1vw
604,Elicia,Sainsbury-Brown,esainsburybrowngr,oOLIQC
605,Yehudi,Sibbe,ysibbegs,bKlf1cFN
606,Ado,Basford,abasfordgt,vGhvzTJmk
607,Meriel,Zohrer,mzohrergu,48ujXs
608,Ardelia,Kittman,akittmangv,aJclPm9
609,Vassily,Filinkov,vfilinkovgw,YSRO6v1
610,Anselma,Beardall,abeardallgx,xvJUQhs
611,Celine,Lawley,clawleygy,iyRULE1K
612,Melba,Kunisch,mkunischgz,nWhJUSNy
613,Cleon,Speere,cspeereh0,ept2t4q
614,Cassandry,Leadley,cleadleyh1,ux1Y2EnIcEt
615,Brynna,Claybourne,bclaybourneh2,niQXAsuCqhJU
616,Ileana,Kinch,ikinchh3,RRZYs54CN
617,Percy,Josling,pjoslingh4,MJJFxAdK
618,Damara,Thoresby,dthoresbyh5,2op1b5ZJW
619,Dacia,Adamo,dadamoh6,G9i1P0Ki
620,Kylila,Thiolier,kthiolierh7,8MLs8Re9WE
621,Willis,Hughman,whughmanh8,mE9IEfHh
622,Linoel,Sissel,lsisselh9,ACfo9l4ogmZ
623,Lucina,Sirl,lsirlha,rg4HxJ9i
624,Pedro,Oganian,poganianhb,tE7RyvrqqOnn
625,Marlowe,Loghan,mloghanhc,a5Sm24URh
626,Luis,Elland,lellandhd,GSHSMzYDV
627,Clayton,Mileham,cmilehamhe,ad3WbK
628,Gabe,Delieu,gdelieuhf,ynEEfPycqT
629,Justina,Bollins,jbollinshg,afpeI1
630,Witty,Watts,wwattshh,6adUat9
631,Emlynn,Tills,etillshi,ko28nA0GsRH2
632,Merlina,Pendock,mpendockhj,E4rWjrk
633,Janeen,Pelosi,jpelosihk,K1cd8MBLrHj
634,Ollie,Ealles,oealleshl,2CYPaShT
635,Addy,Riehm,ariehmhm,z0NUpJrLlOs
636,Kerby,Druitt,kdruitthn,6ZkKct5S2
637,Evanne,Duffit,eduffitho,UbDII1McZV
638,Doralynne,Stennings,dstenningshp,dlHuFwL
639,Daune,Pressdee,dpressdeehq,SsOzuK5
640,Emera,Gabler,egablerhr,TVoVmZUOOhH
641,Adlai,Shoesmith,ashoesmithhs,f6i1ne1
642,Cammi,Mayo,cmayoht,bp0BINwRSg3
643,Nikolas,Plant,nplanthu,IyfcLQC6qgyB
644,Natale,Ferraron,nferraronhv,Nwg4EVZi3o2w
645,Sollie,Moakler,smoaklerhw,1RdSSSOHryGr
646,Fairlie,Lashley,flashleyhx,qmTxm8FaTR
647,Hynda,Skerm,hskermhy,DCRnQ4ee
648,Dione,Washtell,dwashtellhz,Ax9x5yEcem4
649,Lettie,Bensley,lbensleyi0,BDymt0
650,Ezekiel,Rolin,erolini1,3V8H2x
651,Ardis,Manuaud,amanuaudi2,xtxt0quCY
652,Tabbie,Sarjant,tsarjanti3,f4NPRluL
653,Shanna,Espinoy,sespinoyi4,g8newM2SFPY
654,Knox,O'Hoolahan,kohoolahani5,RPigAmk
655,Bradley,Nuttey,bnutteyi6,60d72x9C3IL
656,Jenna,Squirrell,jsquirrelli7,6ytJHhilfuOI
657,Jessica,Le Moucheux,jlemoucheuxi8,GnTGWUA
658,Chip,Gipp,cgippi9,CEayw6rAD
659,Charla,Vasilyev,cvasilyevia,Fi6HgZ6ij
660,Brnaby,Gander,bganderib,1R98I76Hw
661,Breena,Wybrow,bwybrowic,XkVeVKxzcmh
662,Enoch,Sayers,esayersid,jz3zLwGpr
663,Allix,Smitherman,asmithermanie,3FUE5mvUuh7o
664,Aviva,Rootes,arootesif,h1NWzgu
665,Percival,Baitson,pbaitsonig,8FWNSEp
666,Iggy,Errigo,ierrigoih,8o3g1ZJB
667,Jessa,Meek,jmeekii,upruAgiZWtxW
668,Marissa,Mohring,mmohringij,700F0u1fCtp
669,Janot,Shawdforth,jshawdforthik,jj80Crufa
670,Ganny,Bonney,gbonneyil,iteksUNQLs1w
671,Drake,Studdal,dstuddalim,GrTpLri3LX
672,Cherilynn,Crunden,ccrundenin,ypGi8Z
673,Clea,Wieprecht,cwieprechtio,a2kWqflReJ
674,Dorey,Mercey,dmerceyip,nHTihPgfqh
675,Anet,Lehr,alehriq,5AUwHl9
676,Amy,Haselup,ahaselupir,OTxXydZpiAo
677,Clayborn,Clucas,cclucasis,6I8DRTq2o0VT
678,Amandi,Praundlin,apraundlinit,WspF7G
679,Barth,Petroff,bpetroffiu,b18BnLW1Qu
680,Michele,McClenan,mmcclenaniv,CMqQ4ws
681,Wenda,Fearey,wfeareyiw,GPwtwzFnve
682,Bobby,Andrea,bandreaix,jraM7G7Vv
683,Paolina,Craisford,pcraisfordiy,3wbrqcf4vz
684,Tony,Brackpool,tbrackpooliz,ClkZnmAu
685,Codee,Crocket,ccrocketj0,1OyXvr
686,Channa,Crispin,ccrispinj1,UdE9Aoo40T
687,Bunnie,Itzcovichch,bitzcovichchj2,YiwocZFTr5dr
688,Webster,O'Hear,wohearj3,LGTb4h9
689,Carlin,Sharkey,csharkeyj4,az4bCjdGw
690,Fabien,Mc Caghan,fmccaghanj5,3QPEtZOV6d
691,Madelina,Camacke,mcamackej6,vuDBaVVqhZY
692,Kissie,MacCorkell,kmaccorkellj7,aCz7PDz5s7
693,Sasha,Kettel,skettelj8,t6LF4B
694,Joshuah,Ebbetts,jebbettsj9,xS9xpF6wQMfV
695,Breanne,Kettley,bkettleyja,Fp5Ehmg
696,Zeb,Reyburn,zreyburnjb,PSC5K8P4d
697,Kane,De Pero,kdeperojc,t0KPOvmtI3Y9
698,Pooh,McMurthy,pmcmurthyjd,ei359MDXY
699,Kelley,Gladman,kgladmanje,pxVJbC0
700,Tobi,Garnul,tgarnuljf,PzKNWS
701,Margie,Sellman,msellmanjg,syNF3w
702,Yoko,Shopcott,yshopcottjh,BjCJZm
703,Arleyne,Coudray,acoudrayji,CBW2qxb1Np
704,Wenonah,Brigge,wbriggejj,gnPxyKHfj
705,Marven,Petrasch,mpetraschjk,osGJOP2
706,Nessi,de Grey,ndegreyjl,Neial4Xpp
707,Juli,Fillon,jfillonjm,Prc3mWr4te
708,Marietta,Ughi,mughijn,LHL47i4tw
709,Lynn,Markson,lmarksonjo,Mc2bxw
710,Louie,Otteridge,lotteridgejp,zSQKmgH
711,Bobbye,Cornforth,bcornforthjq,HiulWDr2Uq
712,Martyn,Lenoir,mlenoirjr,5qrmDmeEbwSg
713,Ezekiel,Ceccoli,ececcolijs,m6Je8CxiE
714,Ingeborg,Gon,igonjt,pwojZwpr
715,Glenine,Golde,ggoldeju,WtZivix
716,Collete,Chavez,cchavezjv,QkQuhj0
717,Anita,McCreedy,amccreedyjw,wBwWQ324Dp
718,Rosie,Rives,rrivesjx,IgqZjS5nHA
719,Worthington,Tocque,wtocquejy,E4U7aidSs
720,Herminia,Selway,hselwayjz,IEfvVhH
721,Zorina,McQuilliam,zmcquilliamk0,LfkbrW8B
722,Bertha,Forlonge,bforlongek1,FHe9WX
723,Paulette,Goldston,pgoldstonk2,lEIL8omsi7
724,Jemima,Kilmister,jkilmisterk3,JT2MQWG
725,Yetty,Basilone,ybasilonek4,yn8Hho
726,Andreas,Broadey,abroadeyk5,yeNuAbjZLMU
727,Teddi,Soanes,tsoanesk6,qaYvopErik
728,Hartwell,Jerrams,hjerramsk7,g6HDXY
729,Lynnelle,Kersey,lkerseyk8,CrWfVsbP
730,Flinn,Stienham,fstienhamk9,RwX9xFUMC83T
731,Karia,Trewinnard,ktrewinnardka,k0T8mXWx
732,Jerald,Jojic,jjojickb,DrYU7q0
733,Gail,Rayworth,grayworthkc,XM4MbHkYOh
734,Findley,Biasioni,fbiasionikd,HYFY5drIIoC
735,Robby,Crann,rcrannke,hOwJ4wndHka
736,Abagail,Housby,ahousbykf,6M7nCIKVI
737,Haydon,Bernardino,hbernardinokg,CqQmQHOUe
738,Morrie,Tabary,mtabarykh,ik2UXD7n6G
739,Kristoforo,Haville,khavilleki,QMm3AtWHClb6
740,Dianemarie,Chazelas,dchazelaskj,ZKVPC4a
741,Jacquenette,MacGiolla,jmacgiollakk,zjsoQ3bgut4y
742,Kali,Jakoub,kjakoubkl,5UisRmfIc
743,Blane,Crees,bcreeskm,Yd48IblXC
744,Alysa,Kenforth,akenforthkn,YZTZBTk5
745,Karia,Maevela,kmaevelako,aHIutrGjUf9
746,Kylen,Le Lievre,klelievrekp,FGEtoya
747,Adolphus,Jiroudek,ajiroudekkq,aepSuW1
748,Gina,Bruton,gbrutonkr,lAQTbLSufD
749,Whit,Millery,wmilleryks,1JVYzAyVkjcV
750,Allsun,Inglesfield,ainglesfieldkt,kBaCj9gzfW
751,Al,Spofforth,aspofforthku,PP1jUwO
752,Nanci,McMurdo,nmcmurdokv,bI0dCmu
753,Ase,Hannaby,ahannabykw,4mk7wca3njj6
754,Judith,O'Mara,jomarakx,pM9yi1
755,Darla,Barbrick,dbarbrickky,Nnv3goAeOFW
756,Edgar,Gorcke,egorckekz,bH2a4Fc
757,Matthiew,Glasner,mglasnerl0,qc3V55uDa3X
758,Caty,Bonafant,cbonafantl1,vISGh8
759,Fransisco,Mayhow,fmayhowl2,AuxI2jjEu
760,Brien,Mahony,bmahonyl3,GLlt33QBqr
761,Blinny,Westmarland,bwestmarlandl4,VdRemLZ
762,Monica,Deverell,mdeverelll5,Vmu87tyLFdJ
763,Nels,Dumphrey,ndumphreyl6,BHPY1A
764,Aloysius,Scopyn,ascopynl7,xsdjp13
765,Celia,Martinuzzi,cmartinuzzil8,uISf9VJTeNe
766,Nanice,Learmonth,nlearmonthl9,ZG3N6au
767,Jerald,Petyanin,jpetyaninla,omfUfzXxQi7
768,Eleanore,Rojas,erojaslb,dpHVJUstJNN3
769,Venus,Vassall,vvassalllc,qNFW6m0
770,Gunner,Petrolli,gpetrollild,1zECvr
771,Siffre,Rozalski,srozalskile,RVTWG9N
772,Kendrick,Leversha,klevershalf,I9z2x1
773,Loralyn,Ollie,lollielg,NogpIve
774,Urson,Utterson,uuttersonlh,KZ0x5pVG
775,Rosmunda,Gamlin,rgamlinli,UdQNqpuZTW1N
776,Vlad,Crinage,vcrinagelj,9cfTWuMj
777,Talyah,Dybbe,tdybbelk,9bgOJ9
778,Moises,Feilden,mfeildenll,Wm4psYZG
779,Celia,Brocking,cbrockinglm,aIRkPC
780,Heywood,Gaucher,hgaucherln,bQbIIm
781,Ursa,Leggett,uleggettlo,GgKXDYlF5
782,Madelon,Grinley,mgrinleylp,ijexwwQq
783,Bud,McKimmie,bmckimmielq,HWOcTWDmbw
784,Drusy,Knowlman,dknowlmanlr,N3jm2vZHw3
785,Carly,Olivello,colivellols,6XdcyEzo
786,Alie,Gidley,agidleylt,8i6C7xy
787,Erastus,Apthorpe,eapthorpelu,ZvJI0QXkh
788,Ara,Margarson,amargarsonlv,ChDUg3Idag
789,Ryun,Willock,rwillocklw,lSwyCEWx8x
790,Danya,Paladino,dpaladinolx,97iRW8J
791,Janel,Giorgielli,jgiorgiellily,wlefy4T6
792,Manon,Pritchard,mpritchardlz,LICGjmmopaH
793,Isahella,Tschierasche,itschieraschem0,Ql9oETHkRaRg
794,Loutitia,Fenwick,lfenwickm1,qXXX68P
795,Gray,Lilleman,glillemanm2,tDDJw87du
796,Niles,Colomb,ncolombm3,XBjKsk
797,Killy,Hamlen,khamlenm4,rmpm2Zp
798,Becka,Piggott,bpiggottm5,kzNXrOCL52
799,Leo,Monkley,lmonkleym6,CyZYqhnrDk7s
800,Dewain,Bockett,dbockettm7,AkFHyzLJ9x
801,Torre,Slowgrave,tslowgravem8,9OREGxR
802,Cristy,Izhaky,cizhakym9,iACh19
803,Malanie,Mole,mmolema,6vrsPt4L
804,Blythe,Silveston,bsilvestonmb,DXDsNJRcz
805,Aymer,Jouannin,ajouanninmc,Pbp8xga1iP
806,Elvyn,Kerley,ekerleymd,uuapkhI3DSJH
807,Currey,Hurle,churleme,cqqZZG4HJ
808,Sampson,Huerta,shuertamf,hrxF3coNUZ
809,Robby,Naisbet,rnaisbetmg,MqXBC9Fq9v4
810,Hort,Skurray,hskurraymh,3m2XF3ef57hy
811,Lynn,Huchot,lhuchotmi,rTWsdh
812,Lawton,McGeraghty,lmcgeraghtymj,CSj16P
813,Berton,Ashbolt,bashboltmk,GULKMv3ct
814,Arlette,Kolushev,akolushevml,wIzSroEnC
815,Elle,O'Cannan,eocannanmm,CbkQCFVgAMZ
816,Nolan,Moger,nmogermn,cJki8ciX54
817,Catina,Skett,cskettmo,4zK1Em
818,Roxana,Kort,rkortmp,B0oqQM
819,Nealon,Storie,nstoriemq,c1Une4R
820,Augie,Closs,aclossmr,rv5LpzjMxQ
821,Vinni,Buglass,vbuglassms,JujcRjoZ9
822,Egor,Skaife,eskaifemt,vOBeSpIXh8G2
823,Lemmy,Mattinson,lmattinsonmu,URE52M
824,Dallas,Giovannacc@i,dgiovannaccimv,ztSJOY
825,Missy,Stollberger,mstollbergermw,31KaSLwwz0
826,Levi,Petit,lpetitmx,wckiPYADTq
827,Milissent,Metham,mmethammy,lhHKsHZ
828,Niall,Becke,nbeckemz,h8mvZXSWCIX
829,Ruy,Mallett,rmallettn0,XpVppw
830,Brittaney,Cobb,bcobbn1,UoDp9J
831,Enrico,Fawssett,efawssettn2,wlnBDI3jM6
832,Marin,Greswell,mgreswelln3,tZDNDTYT
833,Yves,Mettericke,ymettericken4,lEjUywfzQZDs
834,Patricio,Mateescu,pmateescun5,GNrrr8m74w7B
835,Kip,Croft,kcroftn6,CidpPnP
836,Sandy,Rickasse,srickassen7,iXQu775ZF9
837,Deane,Wingeatt,dwingeattn8,Q1GZe2
838,Basilius,Bigglestone,bbigglestonen9,kp9eEvs
839,Adrianne,Jones,ajonesna,qZeECXb
840,Codie,Garioch,cgariochnb,1F2GB3V
841,Norina,Hamley,nhamleync,92sCQy
842,Roger,Escoffrey,rescoffreynd,dEodFgec9q0
843,Fayth,Normant,fnormantne,x5sTagQDiqg
844,Jourdan,Shakeshaft,jshakeshaftnf,2xOF2RusDGN
845,Rosalyn,Capes,rcapesng,OSJQsdqz8
846,Joyann,Sherar,jsherarnh,3UalM40yN
847,Guillema,Orteau,gorteauni,XD0Z2NPG6Y
848,Laverne,Gatteridge,lgatteridgenj,XW2DbJke
849,Corey,Dowson,cdowsonnk,ZtkNmA6Qi8wZ
850,Pamelina,Jambrozek,pjambrozeknl,NWiPbDJkNi0
851,Vonni,Nicklen,vnicklennm,VyQYgn7R0ADv
852,Demetre,Donne,ddonnenn,PnkjpGXPEym
853,Corine,Cosens,ccosensno,v97Y8vQ4b
854,Erskine,Heaven,eheavennp,akMbqS
855,Cathrin,Mockett,cmockettnq,hGO6Nw
856,Sherlocke,Klemke,sklemkenr,THhavU
857,Bary,Bosanko,bbosankons,4zyPmSl
858,Edik,Kulas,ekulasnt,EpBAPMXu3Lo
859,Gardie,Agronski,gagronskinu,Kf11Ja
860,Mair,Rableau,mrableaunv,SFlYfNKgXR
861,Natty,Riccardi,nriccardinw,Nx7jZbjZNMgM
862,Had,Ribbon,hribbonnx,apYngbm
863,Yale,Mingay,ymingayny,DZ5AegXiKb
864,Rhona,Skermer,rskermernz,jvofoHd
865,Goldi,Dinse,gdinseo0,a7Llug3Y
866,Bronnie,Vail,bvailo1,1yYOOZ2Ij
867,Leonanie,Alishoner,lalishonero2,RRDULVkTf
868,Therese,Zorzin,tzorzino3,TyMyQw5
869,Edithe,Risbie,erisbieo4,WwTtyjXvax0d
870,Gertrud,Spradbrow,gspradbrowo5,6xW26fnJ1p
871,Carny,Khotler,ckhotlero6,SKH2OgF2o
872,Marilee,Paradyce,mparadyceo7,o9ksVIi
873,Livy,Diwell,ldiwello8,og7qCX
874,Dulcie,Alywen,dalyweno9,nStcnaFFXnLe
875,Carol-jean,Indge,cindgeoa,6KWoyud
876,Ephrem,Climance,eclimanceob,QwY0Ww
877,Cullan,Scocroft,cscocroftoc,iAEgH4
878,Phineas,Eldon,peldonod,73q9PRpqi
879,Emlen,Cash,ecashoe,gqtFQKKmDBe
880,Julia,Northgraves,jnorthgravesof,RyHD2N45d
881,Shela,Boorman,sboormanog,gjIk8fI5F
882,Deeanne,Beavington,dbeavingtonoh,z4eR2bK
883,Scarlet,Fullerton,sfullertonoi,slApvIcpOFlc
884,Bob,MacCaughey,bmaccaugheyoj,mn3wqf
885,Stanislaw,McInnes,smcinnesok,FrS7S8l8
886,Sauveur,Pryke,sprykeol,Dd4PYRReqN
887,Finlay,Amey,fameyom,Qw5oVdeXNw
888,Charlean,Lewens,clewenson,mWSudtb
889,Giulietta,Grassot,ggrassotoo,aCrbTX
890,Vi,Checklin,vchecklinop,UkbYWkZV3
891,Adriaens,Deering,adeeringoq,B1JRlO
892,Forrest,Keddie,fkeddieor,s30XSehL
893,Rosamond,Ianiello,rianielloos,d3sjVDLS1PZ
894,Nicole,Bartalin,nbartalinot,REElrNm
895,Natale,Battin,nbattinou,FTS0QyHT6
896,Boothe,Biddlestone,bbiddlestoneov,Mg7r1B
897,Karyn,Curzey,kcurzeyow,U9V8Kpd
898,Courtnay,Topper,ctopperox,YWr6OnS
899,Hedvig,Whye,hwhyeoy,3hHYT4uc
900,Lyndsey,Lundon,llundonoz,Udfr2Tf
901,Margalit,Bampkin,mbampkinp0,wphzkioZ
902,Klemens,Bourrel,kbourrelp1,2jmhsWddes
903,Cassaundra,Worling,cworlingp2,shZMGtroudeK
904,Sloane,Patty,spattyp3,I2Gsh4HCiR1y
905,Eunice,Calderwood,ecalderwoodp4,vLVEOLB
906,Kendrick,Burbury,kburburyp5,jH0OZ47AzVaX
907,Reese,Aimable,raimablep6,MMCFQQQZZm
908,Amerigo,Asche,aaschep7,EN46uoWAInm
909,Janith,Maruszewski,jmaruszewskip8,QT4G3y8
910,Dorise,Crosgrove,dcrosgrovep9,JhBY1SxK
911,Claudia,Daoust,cdaoustpa,33CF3EX3
912,Aubrey,Harnott,aharnottpb,VEkcAoTIwJd
913,Mac,Alcide,malcidepc,8BOx3gtG9QY
914,Ginelle,Pattie,gpattiepd,oKvXzMcGS7f
915,Yvor,Wilkes,ywilkespe,3G2ArLp2MKE
916,Feodora,Adolthine,fadolthinepf,bQiSxUx
917,Bartholomeus,Pauncefort,bpauncefortpg,ZcvRhslf
918,Emanuel,Fillimore,efillimoreph,b3W5t0JhlMV
919,Cordi,Yakushkev,cyakushkevpi,dwcllngBojG
920,Reba,Haddon,rhaddonpj,zxTM2iYEn
921,Jannelle,Hamlett,jhamlettpk,MdYB0k5nF7
922,Franciskus,Crowcombe,fcrowcombepl,B3HzVm6WP
923,Ashlen,Asp,aasppm,N7afivl0MDdF
924,Murvyn,Dunning,mdunningpn,4tCOMeRJFfa
925,Sofia,Botly,sbotlypo,z5QKhQbo
926,Kay,McIlwrath,kmcilwrathpp,Eybq3L0ev
927,Nettie,Brimicombe,nbrimicombepq,TAc63X1
928,Brit,Henkens,bhenkenspr,fKgGo580
929,Brook,Dyne,bdyneps,W250XAdB
930,Rey,Linacre,rlinacrept,6XWlbrwm4
931,Hew,Flawith,hflawithpu,BKj7TUTDt
932,Luelle,Pembery,lpemberypv,D8mFhy
933,Irvine,Warricker,iwarrickerpw,gSLLzI
934,Morey,Cluff,mcluffpx,33EonkZxqV
935,Lion,Enever,leneverpy,tbaGCpvFwZ
936,Cullan,Vignaux,cvignauxpz,MG7lXN7
937,Ryon,Jarville,rjarvilleq0,UhhjSHpmSkJO
938,Mikol,Hurkett,mhurkettq1,QIj1ji
939,Rockwell,Edinburough,redinburoughq2,lzR0lUl
940,Gene,Eichmann,geichmannq3,rD2A0wi
941,Carmina,Antonopoulos,cantonopoulosq4,pXBivSeXwp
942,Cleon,Castenda,ccastendaq5,JySSHeYoFbv
943,Wells,Mcettrick,wmcettrickq6,IZOUsX4Ds
944,Ketti,Flemming,kflemmingq7,KkjSQBPzojT
945,Benito,Kneath,bkneathq8,tamxFUrd
946,Ricard,Fidelus,rfidelusq9,WW2jp7a
947,Xavier,Shwalbe,xshwalbeqa,4n5ZzGl0xHSP
948,Fritz,Everist,feveristqb,DYBNlkHjO
949,Aubine,Dightham,adighthamqc,KXicw5CAFZXT
950,Rubin,Mainland,rmainlandqd,QAFHHxT9
951,Tiphani,Gymblett,tgymblettqe,6WHjFF7H
952,Drucie,Pinckney,dpinckneyqf,g608ShpdY
953,Roth,Gerlack,rgerlackqg,yaBB26lFQB
954,Donni,Whitfeld,dwhitfeldqh,XVcgy8
955,Robena,Wisham,rwishamqi,IDWJFhsxG
956,Debbie,Gregore,dgregoreqj,PASiFfWb4g
957,Templeton,Realff,trealffqk,Yfwxj1xTya
958,Chad,Fleisch,cfleischql,QKqOLOK21xu
959,Merola,Cannon,mcannonqm,PPGM1IFRM
960,Lauren,Borell,lborellqn,4p9QZYT7zzN
961,Barnie,Harman,bharmanqo,iQUfqkWbyf0n
962,Bertine,Meas,bmeasqp,ImYHrZkXH
963,Beryl,Collihole,bcolliholeqq,8Hs8KVB9l
964,Donni,Scardifeild,dscardifeildqr,qrZ2HyWVgXK4
965,Radcliffe,Riddall,rriddallqs,ZiODxHSy2
966,Eugene,Millam,emillamqt,Myp7HiB
967,Christabel,Conaghy,cconaghyqu,7ey8kSKZUPa
968,Alisun,Jarvis,ajarvisqv,ch8KBN9IJCZ1
969,Frederich,Wentworth,fwentworthqw,H4cBlLhY3
970,Lyman,Druitt,ldruittqx,8d6qrywO
971,Barron,Land,blandqy,cLd9Zl5nQKe1
972,Sile,Eshmade,seshmadeqz,DJ12bLhyxpBT
973,Porter,Kynsey,pkynseyr0,lzKxCcya
974,Tine,Broadley,tbroadleyr1,16QgTLfTGu
975,Francisca,Milkins,fmilkinsr2,LbkcI91
976,Wolf,Falkous,wfalkousr3,1MfPx7RXgs21
977,Row,Corner,rcornerr4,K8baT1KK87p
978,Leanna,Bulger,lbulgerr5,BYA4r5kTTDoP
979,Nevile,Kenny,nkennyr6,CBx53sb75l2o
980,Oralle,Champkin,ochampkinr7,9gXPQs4FopbA
981,Hilliary,Kaas,hkaasr8,FwXQsRPXpko
982,Carlynne,Gatch,cgatchr9,o6mcJHKq
983,Hubie,Elfitt,helfittra,Do9cQnh41z2p
984,Verile,Parish,vparishrb,WYeqjCMU
985,Thaxter,Huscroft,thuscroftrc,jOXKGU
986,Janenna,Dufer,jduferrd,CQKgjsBj
987,Stephanus,Le Cornu,slecornure,Gf9JGMlI
988,Ilka,Scotson,iscotsonrf,0fzeLvHdg
989,Shellie,Lednor,slednorrg,Epd2dm
990,Fania,Clash,fclashrh,1TlWZbOK
991,Devan,Gerrens,dgerrensri,to9W55
992,Appolonia,Dransfield,adransfieldrj,C3bgpBV
993,Beatrisa,Boud,bboudrk,GtYNtdMknkcs
994,Trenton,Vayro,tvayrorl,p2f1LuhKDQKF
995,Andi,Stidworthy,astidworthyrm,V3rHU9D92ijL
996,Diandra,Keveren,dkeverenrn,TehoVcKrW
997,Prent,Pirozzi,ppirozziro,A2XV4RQ7
998,Katlin,Norssister,knorssisterrp,kByMzwuX
999,Meridel,Cregg,mcreggrq,1fheoXmO0
1000,Elliott,Colles,ecollesrr,sQGL4fqI7Wm
